.fitted,.resid,.sample
-0.058192333206534386,-0.5593232740094659,1
-1.7035564494181565,0.3410655447200011,2
-0.20291557861492038,-1.2209888487785772,3
-0.5606638402678072,-0.1503205502695438,4
-1.0668670236676954,0.1850121186817856,5
-1.1712943566542986,-0.2531876993255994,6
-0.7828218727843298,-0.9157511735719881,7
-1.0395091161315104,-0.9927982232208253,8
-1.8240892329866973,-1.0594059825590734,9
-0.5715684960596263,-0.3180883916416041,10
-0.8702504364353539,0.8194578200627195,11
-0.7400834494781615,-0.9581678048772839,12
-0.13712028181180358,-1.0703391271613598,1
-0.28313741739839315,-1.3620969518012838,2
-1.115908645051432,1.3904454271088087,3
-0.024287393782287836,1.5180176583752347,4
-0.17563220422034734,0.4674357776716223,5
-0.9163990104150893,-0.3763269827105805,6
-1.011414392809284,1.027375707984258,7
-0.1418423255426093,-0.49003096471712027,8
-0.29360088845714927,0.8749764631687841,9
-0.5459581618197262,2.209994118469698,10
-1.50302224880029,-1.6073622656315736,11
-0.11753398767783513,-0.13046006204080154,12
-0.135448117274791,0.48548204924715904,1
-1.8724593649709467,0.2499457854139447,2
-0.9045360536220088,-0.1551712484825439,3
-0.49915363173931837,1.9597754434481205,4
-0.8329258150932314,0.02705673016764693,5
-0.17756043374538422,-0.6810496730075677,6
-1.9805501028055195,-0.7038601583559784,7
-0.8702008427749939,0.5040457699974256,8
-0.8039216659543039,-0.7674960654050837,9
-3.548939397348524,-0.38384631096912963,10
-0.6715658395551145,0.44323477537563144,11
-0.624242443125695,0.9247498851470296,12
-1.5215842536741737,1.521634623277416,1
-0.06492664797354286,1.3253923263627398,2
-2.086572853461024,2.1375304132229336,3
-0.23055432873859205,0.553224185315233,4
-1.9967782142663244,-1.8303259427793797,5
-0.2710925806313753,0.4090188647416831,6
-0.020253250375390053,-0.20581935392622905,7
-0.3045350958340587,0.8007391642078754,8
-1.6009110341871027,0.8021174554814078,9
-1.3220331938517216,-0.22796889794506386,10
-0.9183075939816358,-0.16724875022173202,11
-0.8263051027208368,1.4128808648708628,12
-4.239221203820182,0.5103346120655923,1
-1.4122159368449692,-1.298458736917569,2
-1.7873174180808933,1.4192246364120154,3
-0.40296449210834445,-0.6995241930467511,4
-0.42731388844549656,-0.9332883060482863,5
-0.18485665740445256,0.692293022203795,6
-1.0584299803346013,1.3725780358559396,7
-0.4634389663115144,0.494931868219399,8
-0.4348853239789605,-0.23991427146003078,9
-0.9653608211071052,-0.6949624230872175,10
-0.06757544964292121,-0.37766818351703585,11
-0.03537211947751189,-0.19429267492926922,12
-5.849068626425363,0.006064964294733257,1
-0.3214482474108304,-0.6007246146222756,2
-0.4504390712827444,2.8380586562106287,3
-0.0510313487611711,0.7129887797632732,4
-0.42399475909769535,0.3613055752522209,5
-0.9554791161370398,2.1083517045747966,6
-1.3269337266263488,0.06902363735932407,7
-2.5045290755710368,1.7160125877994437,8
-0.977111667863447,2.5931496696998524,9
-0.3769032993322119,-0.5911922416870389,10
-0.2959440345875919,-0.2111610491280861,11
-0.5376495869707799,0.8989166592194875,12
-1.269413188057852,0.9650199536327844,1
-0.47419966105371714,1.1687081046986225,2
-0.29231438925489783,-0.5022713791849311,3
-0.06504385080188513,0.41282774966271085,4
-0.17064863163977861,-0.05554901276884869,5
-0.6716375933028758,0.6076361052431624,6
-0.8519447376013725,1.0774529648487259,7
-0.12349317348730925,-1.4563559529579742,8
-2.3579086566946272,-0.6845650257715059,9
-1.34304224788667,-1.1605527416042098,10
-0.2525783069431782,-0.3188047937793599,11
-0.9811332927555956,0.8581475643840537,12
-0.9503530729141952,-0.5212006258403376,1
-0.19090587286959973,-0.4940662932516709,2
-1.0524267544549826,-0.32720106497715024,3
-2.2485967058082523,-0.7279513064714971,4
-2.757466627158857,2.2486082667284424,5
-1.4949059501072468,0.059773421508162006,6
-2.597225734238291,1.0915278035481792,7
-1.4243134724998716,1.319944777242172,8
-0.4203114453703165,0.7449628197478168,9
-0.47109626745805144,-1.0081596110174509,10
-0.7045609410432102,0.7551097990603423,11
-3.9185631030932675,0.8664417836466043,12
-2.1088838371119265,1.4649317010268519,1
-0.14727579476311803,-0.3762494194769759,2
-1.239290271843684,0.03010262691519067,3
-0.18608053028583527,-1.0506111337676087,4
-3.314699858259011,0.24967617634158787,5
-0.19172232132405043,0.5753767941484736,6
-0.3047818192280829,-1.5991882969005515,7
-0.44820460490882397,-1.35793310310334,8
-2.7653302865705256,0.2135690019606309,9
-1.7087572931925086,0.1302883141490335,10
-0.9340558806014182,-0.7797752007002727,11
-0.5822652820497751,-0.9197667425948687,12
-2.8446891231644638,-0.3039115683728261,1
-0.4894836824387312,0.540551890610838,2
-0.8108500059747175,-0.20203896298570664,3
-1.4629931079525693,-1.2239920534138573,4
-0.13117415132001042,0.4453812235273085,5
-1.1899763028648618,-0.2024917460540479,6
-0.05437274696305394,0.5693371273933615,7
-1.1471103899804351,-1.9635150574609164,8
-0.28856372833251953,0.6202714934933463,9
-0.2229175361322221,-0.9040286792696046,10
-0.47345233941450715,-0.9993471299408521,11
-0.7828784072351577,-0.0015742073005470165,12
-1.7869520577693228,0.08218096699803344,1
-0.5562742995098233,1.6708138256281269,2
-1.3125215852213028,0.9446390564699144,3
-0.2100579058751464,-0.20806713907517851,4
-0.5649888152256608,-1.0246412862998335,5
-0.4424583832733333,-0.3717573519746517,6
-0.4738616840913892,-1.1147777802396457,7
-0.9695922284898283,-0.3882114007646897,8
-2.1910326609990363,-1.471263366381884,9
-0.7689189545172942,-0.7257690438933282,10
-2.3681742268285517,1.1529977423655131,11
-0.27881084429100156,-0.42716190161351475,12
-2.7274364511153464,-1.7340118695044877,1
-3.2024210391748436,0.2655091564077861,2
-1.0805561374452832,0.5023983421654252,3
-0.7049790173348905,-1.2523643390990888,4
-0.27048500813543797,-0.4164243623049406,5
-0.6301034297794104,1.1089513894393308,6
-2.747971182563043,1.1292985704120915,7
-4.201064873234702,0.2330958342800212,8
-1.2915134680968645,-0.7964105022365983,9
-1.0831126160499576,0.0051430277394311245,10
-0.2095056981779635,-0.5821552754916118,11
-0.01956737134605646,-1.2152918783263662,12
-1.1390364281413081,0.8139928666878955,1
-0.10506590409204364,-0.4580886075723303,2
-0.12103866075750333,0.06980774719581188,3
-1.6100372636601772,0.14594776156785422,4
-2.328794257589317,-1.277821864743081,5
-0.948211641008866,-1.0520594395432175,6
-0.6451080841943622,-0.7608100276039194,7
-1.823014929789725,0.38912416083376994,8
-0.6786661585792899,-1.4832923927736663,9
-0.5396038410253823,-0.16334714370108294,10
-0.28656273521482944,-0.5415401480981602,11
-0.1584933502599597,-0.8741375014318689,12
-0.2869280489394454,1.0726423352402328,1
-0.5849782777950168,-0.7681326376258383,2
-0.10384077054283677,-1.7887024922128196,3
-1.2784661533520785,1.5278576279668086,4
-1.3421351899904135,2.379284972915723,5
-0.08781460579484701,1.4622117953449947,6
-0.5110437516123056,-0.7431853845822789,7
-0.4802971645258367,0.9833530291372117,8
-0.04448507446795702,0.06769141477244542,9
-2.0546642820441967,-1.2056860468301804,10
-1.4808908839684554,-0.7297960326727867,11
-0.8562450180125291,-1.1119702638087192,12
-1.152594581204367,-0.14405322331082884,1
-0.06330258466224004,-0.16537759485646628,2
-0.19269528659060597,-0.1817757839147128,3
-1.301711220252228,0.5604263883590521,4
-0.059050807263702154,1.2720721273614077,5
-0.9717169031080725,-0.15214793254460127,6
-1.4214037246161941,0.03419494460303915,7
-0.3406290323473513,0.6214750883424826,8
-0.06307904282584786,-0.38656037764194917,9
-0.4143481785431504,0.0445089000208015,10
-2.1317738274714713,-1.4859241414693476,11
-0.15507186204195023,0.3502695200158105,12
-0.0038319327868521214,-0.41419107215721307,1
-0.11159805255010724,-1.8853060919823916,2
-0.4687590738758445,-0.8564354289747577,3
-1.619342600276607,-1.3322399968378795,4
-0.27228397575192687,-0.95751763170011,5
-1.3417967054572824,-1.6656617410006802,6
-1.8118466957563404,-1.7510009748505215,7
-0.2837357488460839,0.005831561676991939,8
-0.5321731898002326,0.20772842147658732,9
-0.3636669832830578,-0.18851639593499445,10
-1.6047816368842367,-0.5680969554004301,11
-1.0581776710644535,-0.7243632022315286,12
-0.17891750156717934,-0.9284139037653385,1
-0.9936431617987277,1.5171697670649422,2
-0.03810501890257001,0.9999941167200711,3
-2.3993266055962805,0.061078632242794764,4
-0.1758664920926094,1.356317420880316,5
-0.17563734017312527,1.4799498264092001,6
-0.22950604045763612,0.70496645106729,7
-1.9590508527213577,2.2520962711232366,8
-0.26525881006210333,-0.33439564126888066,9
-0.422091756016016,0.8458850796643094,10
-0.8247762488623289,-0.1015419544603126,11
-0.4171263570897281,1.906600844584058,12
-0.7597674777348048,-0.28919995524940434,1
-0.10698318342691517,-1.1623552231434253,2
-0.4410700556431805,-0.32801385399532135,3
-0.20101680932566524,-1.5173090566789624,4
-0.4270662530325353,-0.3557168953158388,5
-0.2647719462306719,0.22138940129895235,6
-0.0012242952563327552,-0.9187299390785124,7
-0.5432693744078279,0.3080591577343798,8
-0.008336576167494059,0.2830369517445136,9
-1.1039180187088373,0.16312751982417076,10
-1.0220427261245373,1.0694193428597671,11
-2.100744102261075,0.063217495976022,12
-1.2801972161558393,0.24971630960788177,1
-1.0979615356353047,0.8793840389996114,2
-0.9935780269605042,-1.3168596469622136,3
-0.6210881783626974,1.0767626006859905,4
-0.8451344836083176,0.5966567567111195,5
-0.10392260830849409,-0.21157997958116062,6
-1.3850879100662592,-1.008326612725675,7
-0.2896003951318562,-2.5682028505820425,8
-0.11699467012658715,-0.763292705791721,9
-0.5898126559332013,0.4902932222180155,10
-0.09027716178195512,-1.480851725834167,11
-0.6420789053663611,1.2313773489248052,12
-0.36744784929422186,0.525587278701438,1
-1.226697290274215,1.0556264496017336,2
-0.025725930182912193,0.579792463569188,3
-1.314391093286586,-0.4177808369795515,4
-0.3720605502218765,-0.1897593502282522,5
-0.19485462829470634,-0.31580802335379277,6
-0.8721261819377946,-0.33609601251298793,7
-0.8322042636153223,-0.621567046317116,8
-1.0185392848689536,-0.10357415482320981,9
-0.9357043170542458,-1.4425917743202625,10
-3.166026368569184,0.6542739070120449,11
-5.953814911435882,-0.23836431897341098,12
-0.15356395207345486,-0.23897783964258593,1
-0.8628558392725154,0.12088837486257974,2
-1.369869285221112,0.2995243652344083,3
-5.357290139694721,-0.7048198483344202,4
-0.41830531133431637,0.3442906512921345,5
-0.08079410111531615,-0.32647132350418034,6
-0.18379713641479611,1.1586273138831584,7
-1.9761127828711513,-0.008851921709316188,8
-0.151268549238893,-0.20022359542274445,9
-0.1421936322003603,-0.436598587062974,10
-0.19456210592761636,-0.9526274133082892,11
-0.27247215171622013,0.9440714098603803,12
-1.170808311645716,-0.08735877323864512,1
-0.3696692957635527,0.9224105266391045,2
-1.5133230387324337,1.9600709617869272,3
-2.4967021959504847,-0.6678772544624926,4
-0.1257995207234185,0.6859791928387297,5
-0.02264410721577587,1.4065800437924172,6
-1.6366588652767569,0.2396204809677504,7
-0.39630562997655455,-0.4250753258274208,8
-0.9407153045338513,2.4524577310874403,9
-0.6341863628476858,1.142094837165567,10
-2.629723040261007,-0.6627478085178332,11
-0.19578358107173038,-0.23405897264251016,12
-1.076245724181545,-1.1307352551438312,1
-0.010414904449135065,-0.28656476749736615,2
-1.6653714067393783,0.08212608391023057,3
-0.46641551284119487,0.8390783122879893,4
-1.2028343732980016,-1.0539362065805407,5
-0.5791970868594944,0.9425783927741164,6
-0.6273467182181776,1.3425562814698369,7
-0.8165341672866421,-0.3508999116641906,8
-0.48971368046477437,-1.30563948523686,9
-0.6164654144085944,0.22255438126758098,10
-1.7208155770300129,0.23929690643680543,11
-1.3620412768375996,-1.5830726381207851,12
-0.6395410308614373,1.2899409088014422,1
-1.0051951631483558,0.20416391631561975,2
-0.8946840931035249,0.32968798899111246,3
-0.6847235830500722,1.3876880625213741,4
-0.28339104913175106,-0.15629135230841787,5
-1.288178619886649,1.0091837558818035,6
-0.8114797913876605,0.5724421608317289,7
-1.0597067242068174,0.0734813961795159,8
-0.4327174606733024,-0.5723636773733457,9
-0.00346385099935938,-1.005144590348081,10
-0.6095915804617107,0.6540537446870485,11
-0.0852341135032475,-0.10776336610049704,12
-0.11211447697132826,-0.240728786953408,1
-1.465540228327537,1.0677583411727356,2
-0.7292792917740466,0.49730939549852254,3
-1.9990532807165626,-0.3988622332513402,4
-2.313701294974816,-0.2728621185733729,5
-0.6217767037451267,1.3038124459702554,6
-0.11799249425530434,0.5908570898699087,7
-0.1350376919156256,-0.7242431620280004,8
-0.6193383885547519,-1.7470259767415555,9
-1.683455757712746,-0.5566743259812967,10
-0.08204223029315472,-0.4927101297424992,11
-0.6546053858473897,1.2445082504036142,12
-0.4105167770758271,0.4971730141628578,1
-0.729088415349734,-0.8843056020699257,2
-1.3843994726938131,-0.1570678051443638,3
-0.7938315476802112,-2.372391999132502,4
-2.0905198110665792,0.8393840420128533,5
-2.2237231450757746,-1.1132840093815342,6
-0.5874043679796159,0.6795344761547825,7
-0.31655567092821,0.6211402817017596,8
-2.154192535080648,-1.2917049812395363,9
-1.1573596391406777,-1.6234252628862027,10
-1.771276872521067,0.9387183313835429,11
-0.5777300484478474,0.6716077049627923,12
-0.3192669640831615,-0.1285291863809625,1
-2.6054518453876705,0.28259841879232067,2
-2.560031177350021,-1.798233200453572,3
-0.023161708283748833,0.5062062319533036,4
-1.6761271899460082,-0.5641862777623599,5
-0.28393403999507427,0.8633874964362165,6
-0.9545908793386938,2.3210462412229873,7
-0.8721938123506429,0.97227502777146,8
-0.3930571951068719,1.6785746351179578,9
-0.9116609077480556,1.0444835089126852,10
-1.2643930408683541,0.711261474870909,11
-0.1270098961227425,-1.3772633427197432,12
-0.9442938945974629,2.039353928825125,1
-0.4150693241594244,0.05958738948248365,2
-1.2757701025855663,1.9219988316336354,3
-1.558541856622124,0.3427763358543923,4
-0.6596227218396962,-0.6519029074974932,5
-1.1574291120794538,0.4397839700453353,6
-0.9324292623949172,0.3625713219310221,7
-0.5537888957187533,0.5361955568439819,8
-0.6433839919045568,1.1034327496130472,9
-0.5772191565483809,0.5461715893953705,10
-1.1488530411896232,-0.4553764465235883,11
-0.48265463951975107,-1.3458708900586343,12
-0.5938176549971104,0.5619393874721976,1
-0.11356229288503528,0.9388022962063709,2
-1.7537709473723415,-1.2309091617060468,3
-1.7250281454933258,-0.4060285257985021,4
-1.5362355503344778,-0.6599883219358317,5
-0.06090858392417431,-1.4965307802332524,6
-1.1373494769957784,-0.27573918475293413,7
-0.23674846708698952,-1.7127119481728907,8
-1.4080609605627445,0.11198887580037006,9
-0.07573546608909965,1.4427958518132231,10
-0.636497225612402,0.29263799267850693,11
-1.0679221050393704,1.390180499073998,12
-0.4456539540551603,1.175521353265043,1
-0.6454323907382786,-1.135219908901132,2
-2.8104037872738017,-0.32418882255374193,3
-0.8942103255120041,0.7295687466888687,4
-2.012776344930554,-0.4305775188321051,5
-0.5396842979826033,0.6372070972545798,6
-2.963822610508252,-0.09740046733857252,7
-0.10418147034943104,-0.8240880018208333,8
-0.373522887006402,0.5777999560656898,9
-1.7210020447245102,-0.4697288954517903,10
-0.47017773473635316,0.48782468583872274,11
-0.2346358597278595,-0.1588912488898261,12
-1.0263002374720696,-0.39112794338716644,1
-0.9275942248803498,-1.385831286958261,2
-0.049961789638111674,-0.13124885710421294,3
-0.5596470218151808,-1.6897111562366545,4
-1.0787541887398926,1.0808917525307198,5
-2.8140476120818145,1.3433980883716825,6
-1.3275205037805464,0.2051367750127099,7
-0.6486157202161849,0.6171544129922732,8
-0.3282232810743153,-1.4467624970903674,9
-3.149948057145233,1.4117043310890072,10
-0.8731092074465873,1.4827979524470913,11
-0.20374057162553072,0.6175118614160807,12
-0.20452753730456985,-1.1197613815122363,1
-2.0373174547308928,0.08929452581943179,2
-0.1595020266249776,-1.0700014894590895,3
-0.5602511428296566,-0.36092983887322244,4
-2.0891432749996968,0.043225578150268326,5
-1.0980382142168406,0.6459081071191495,6
-0.44116649953675663,-0.5794734776458567,7
-0.8968972925917654,1.0089030554564098,8
-2.022584382360602,-0.6838012085265722,9
-0.17765099508687854,-0.3197307367890674,10
-1.5997696704322342,-0.6464060667947416,11
-1.7349314241761211,-1.4621544083538511,12
-0.8710571531549431,1.480651539938197,1
-0.5359771931543946,0.5355860540771614,2
-1.1370311611843231,-0.9061347572089549,3
-1.7575672715062145,-1.6068306548647817,4
-1.826115891672626,0.7598224153924941,5
-0.8183095563504176,0.31401185341559695,6
-1.3132772408005717,-2.634984508850876,7
-1.0246858782646182,1.4850221557472771,8
-1.0977888339710358,0.20812573673931414,9
-4.249931204812003,1.775725560951168,10
-0.382658360991627,-0.07205532271534597,11
-0.4989318083971739,0.3731190708015861,12
-0.19175038719549775,-0.8355336341765094,1
-2.271778212734199,-0.086073069542099,2
-0.05802496429532766,-0.08222977254145336,3
-0.0346063319593668,-0.8217065374619864,4
-0.8139336444017412,-0.7701987133051502,5
-2.8706754528266494,1.7294940737829867,6
-1.5517681567134125,0.08283383711870024,7
-0.11992935510352254,-1.4147013386121705,8
-2.6930364983758692,-0.45841338155210404,9
-0.33894671220332384,1.0888141121210924,10
-0.15155825307551637,-0.14665333618224954,11
-0.5252280691638589,-0.4390178158258165,12
-0.5478989444673061,-0.6333911747769034,1
-0.14481609780341387,0.18206686514760373,2
-0.40367873664945364,-0.4975228346401244,3
-0.35815972136333585,-0.19773689638424552,4
-1.376796224112523,-0.7285102971099687,5
-0.4736997247673571,0.025094222963204047,6
-1.4155972074913974,-0.46177544683553245,7
-0.6562320687808096,0.6140244794492515,8
-0.0716145723175746,-0.878295589020567,9
-0.015678841195382206,-1.38675974800686,10
-2.195615650959945,0.14154520238461948,11
-0.3788151047192514,-0.921245386438079,12
-1.2465659789320949,-0.02904201579622268,1
-0.15195157658308744,-0.9242090430618152,2
-0.2031426690518856,0.47716287292786885,3
-2.651495417453981,-2.253652066644711,4
-0.7691496992063643,-0.2681780237099556,5
-0.9636655112448343,1.0197001047438221,6
-0.5711681456305087,0.7842229854644949,7
-1.4042793604636434,-0.25621990182580706,8
-0.15495487954467535,0.6747669034433827,9
-1.7877775411212686,0.11687917796940915,10
-1.3141143535775068,0.3716035940252866,11
-0.6219454500824213,0.6433881957769019,12
-0.03228346863761544,0.8357495202525874,1
-0.29266124364648444,0.846279551123715,2
-0.33752045835562483,0.9198355281884234,3
-0.772146652105217,0.24323094141885054,4
-1.0012967729042497,-0.39255383713105246,5
-3.243001211571224,0.5512736195315192,6
-0.9426246797061995,0.5581600390497367,7
-0.09086027787998319,-0.09820173244896997,8
-0.8443375118609667,-1.150624019577214,9
-0.9859052495610835,0.5070452008917145,10
-1.1688034534034255,0.7079545555851069,11
-1.0268872470561927,-0.36511935698616216,12
-3.653497611893774,1.3670979619879315,1
-0.16613606829196215,0.8524523417650576,2
-0.13295965828649875,-0.7709379301015686,3
-3.1468247248042114,-0.004249177329815874,4
-0.5454321191646159,-1.7167349794916802,5
-2.043963672509218,-2.554675337370327,6
-1.042523710946453,0.29575361967198605,7
-0.3934193314053118,-0.022212325784576128,8
-0.11511770216748118,0.22288782332057466,9
-0.5708463634364307,-0.12931716773313193,10
-1.3058486515236023,-1.1501921574174196,11
-0.2100481716915965,-0.4358387617196454,12
-1.0130600115158594,-0.44570401988859826,1
-0.8745249909860017,-0.3775253788069923,2
-3.608517786277891,-0.16027658089823973,3
-0.49607144435867667,0.753191486948088,4
-1.3904600397156688,-0.4424413402611435,5
-3.071703322063733,-1.556326744914854,6
-0.39145848667249084,0.8216863277470889,7
-0.93034399389745015,1.2256797122334115,8
-0.10413644162326782,-1.203739103332095,9
-1.1284562879753235,-0.07022149377311539,10
-0.2648024335503578,-1.4666987881016782,11
-0.5478572435677052,0.6024755754823297,12
-1.2274568220180395,1.036953608730472,1
-0.5612831907346845,-0.27710361298210706,2
-0.43831065157428384,-0.7015381617808841,3
-0.8517015296892917,-0.3580752913099105,4
-0.31330631487071514,0.21935000834278007,5
-0.07472740736144726,1.4531010785376957,6
-1.4433335977697614,-1.0263174847650363,7
-1.0281300441873196,0.9630192906661342,8
-2.25719993362639,-0.3356164815842164,9
-2.2301984111449484,-0.9328015608202546,10
-0.6503471983596683,1.1611440045063575,11
-0.8383874035951616,1.1124783145861838,12
-0.27375155594199896,0.10644810008892384,1
-1.0210563586604717,1.1695553347709498,2
-0.03849068097742315,-1.904330821019706,3
-2.176517363066759,-0.2928460907660808,4
-0.8897195884957851,-0.2348769858276613,5
-0.057747834362089634,-0.9863449930477093,6
-0.5989904361777008,0.531494973371024,7
-1.854807628234649,-1.4179155060238096,8
-0.43826126167550683,-0.23885097305765082,9
-0.6421212558634579,0.017454722635954663,10
-0.322667021304369,0.5761846059929396,11
-1.9017361271286253,-2.04338109779504,12
-0.10766814928501844,0.18051226598699904,1
-1.6648880037570242,-0.7620911176122313,2
-2.3675904005856268,-0.9111019711129973,3
-2.1248741621204457,0.28455794598461354,4
-0.5980737833446469,0.9559073271144303,5
-1.750917227854753,0.7002661676945477,6
-3.598559500665045,-0.4989292939848093,7
-0.23720841854810715,0.9123769186679898,8
-0.384968404641199,-0.4842523122326913,9
-1.6100602167749647,-1.2996890251523086,10
-1.1482530450028303,-0.08843961011154006,11
-2.409618821484787,0.8748964123952954,12
-0.2603497292471264,0.5415165775925717,1
-1.4625472127551082,-0.2828062641154422,2
-0.08657504757866263,-1.586495015322211,3
-1.0983842741277936,1.359364679788136,4
-0.43917864793911576,0.5280820667068872,5
-1.1143628106963757,-0.9497848929789693,6
-0.05020854016765952,0.8798486400171258,7
-0.21497517739147706,0.04985268299068874,8
-0.9831785798936737,0.019219186786712396,9
-1.8407509232962374,0.6868551797222264,10
-0.23119403468444943,-0.532609225093603,11
-0.977027249480498,0.004690364472077059,12
-0.7785953733283808,1.3346681007560843,1
-0.3276332285616378,0.662913971912397,2
-0.764414564664376,-0.9078344760515319,3
-0.7013735402436171,-0.5382489652940347,4
-0.3200556533411145,-0.1690665377090169,5
-0.5410237982869148,1.9715059532610535,6
-0.47928249137476087,-1.6123198224880533,7
-0.2725423163360864,-0.14266039200831218,8
-2.913755073975373,0.4033082305118768,9
-0.716723903040302,0.3682239432331661,10
-1.3632477093067887,0.9940879382412342,11
-0.19094970528117955,-0.32365720546495275,12
-0.6735978065989912,-0.6610296857268178,1
-2.0437978970909363,-0.14633134483791102,2
-2.189378203698135,-0.8543496281679976,3
-2.956679882771294,1.491007386066053,4
-0.3380335349697737,-1.201790963721859,5
-1.6273424959832672,-0.02736450725959898,6
-1.8527298140430692,0.3867639174756027,7
-5.105852225934633,-1.4010523584289583,8
-4.52501412083335,0.4941390293369812,9
-0.20768996886909008,-0.47990933823024307,10
-1.7166956699544433,2.6198454401201166,11
-0.09662511380792431,0.6114248389157677,12
-4.334096748129798,1.4253804703526363,1
-0.20990003226324916,0.18330979509402337,2
-2.0446056257093197,-0.682734431905538,3
-0.13179701706394553,-1.033157400516772,4
-1.0092255267825845,1.2399662030309444,5
-0.040241784851721,1.1073761190796667,6
-0.2205297239124775,-1.0976058642693562,7
-1.1331448601138714,-2.6107643283934707,8
-1.2597367614087585,-0.5436366374957524,9
-0.76358121722461,-0.03138379232914664,10
-2.8159537583044036,0.17546201926708466,11
-1.437774719008678,0.4223748960192662,12
-0.34414822375401855,1.0906979377589712,1
-4.3159566705388555,0.6077269264762907,2
-0.22225290298375763,0.7528009751359341,3
-0.08134533750912759,0.038105345220836445,4
-0.5827767923342213,-0.5190310284537695,5
-0.6819598590955138,-1.1102602712355432,6
-0.17403609305620193,0.27464171713901925,7
-0.22800637176260352,0.3600511076315682,8
-4.497309971348716,0.9544171955027483,9
-0.025639148894697428,-1.1785939689408873,10
-0.02308199768764936,-0.8010238892326202,11
-5.740916240801492,1.2101010656743283,12
-0.8077648626220347,1.1710967756897268,1
-0.7887440721722802,-1.1432961596645999,2
-3.1626889120130675,0.6843959114876749,3
-0.27998332637634055,1.3127853585544742,4
-1.9051178003752474,0.4488673406641894,5
-0.25679921079427004,1.6106599056477633,6
-0.24238778837025166,-1.8136298461376847,7
-1.450232250915769,-0.14445512459736493,8
-0.6625478779897094,0.5801331727241608,9
-2.5093572008094553,0.12901406785577083,10
-3.518740212334753,-0.5473352438304167,11
-0.17368323868140578,-0.7865461221208914,12
-0.6528807762078941,0.1771882773207169,1
-0.3726216917857528,0.11215932755974861,2
-0.4802354692989528,-0.3446822149573205,3
-2.87021072775217,0.7833241422270826,4
-0.6323319883085787,-1.360078154179454,5
-0.6089352951385081,0.8216768655422074,6
-1.3179953172382834,0.9668014215362546,7
-0.9883936447602631,-0.24208783981088705,8
-1.741694668223882,-0.8652525891899232,9
-0.009945150388073703,1.027779972739777,10
-0.8932670279917242,1.2813393570135152,11
-0.8317209509712579,-0.18069425240067316,12
-3.947982759966195,0.03173019055751343,1
-0.4043760332620046,-0.6982925388344148,2
-0.04886478364045232,1.5842381269648758,3
-0.5404477207921445,1.046498839488594,4
-0.3041362180374563,0.7870370135657402,5
-0.20806178031489253,-0.059021606353249524,6
-0.9542479652686193,1.3151162272485053,7
-0.7939983047124864,0.6863725041049561,8
-0.22993232809750971,-0.4666976145531902,9
-0.3302346235141158,-0.8102862419163076,10
-1.1147057227370265,-0.4141482209333283,11
-0.15968808688157274,-1.5014170195725816,12
-0.18464142142630416,0.2625943650196174,1
-1.3541674594906095,-0.9088638519441579,2
-1.6975761055106167,-0.11297180556178878,3
-0.1076171558357567,1.1408322043483439,4
-0.5152613953687251,-0.6571684174773579,5
-0.2845533555798384,-0.8636272956874935,6
-0.45407080249787135,-0.9244786209416341,7
-0.9032664237741,2.4222381224612697,8
-1.0354700786572817,-0.18398331247857053,9
-0.4848065506666899,1.6161835964545401,10
-1.8596961609179024,-1.5906354129418043,11
-3.0136934070098884,-1.2908548460883404,12
-0.6331494110636413,0.9475403684850328,1
-0.5174772380211465,0.7614885570629651,2
-0.04295865446329117,1.5381356854823072,3
-0.8335835811783605,-0.5368036095275062,4
-0.05865566013380885,0.04195311263370341,5
-0.2191956453025341,0.23772070673282358,6
-0.2166488184593618,-0.5577722113980462,7
-0.8871354423043253,-0.9163851295242473,8
-0.8025362593633057,1.2271420387988778,9
-0.15293860365963013,-1.0464836672110953,10
-3.364148408006478,-1.7615744295573468,11
-2.331472279377914,-0.9245618509181308,12
-1.6888428534425128,1.1121306162686406,1
-1.2569843474355462,-0.16544679789903496,2
-0.010313584934920073,-0.9402253201136139,3
-1.2582076685083035,-2.6141750163856674,4
-0.28365087788552046,-1.1486247347781349,5
-0.187043659389019,-1.1780937231120634,6
-0.5371491368670036,-0.7940898106717776,7
-0.4287037872709334,1.1737994392181779,8
-0.41196734085679054,1.8571742666987436,9
-0.2787434936920813,-1.940535172819727,10
-1.1754153668460372,-1.495036575326809,11
-0.4689472052268684,-0.956226266336972,12
-0.2892014169660321,-0.24143967250727497,1
-0.19518631044775248,-0.2933850952717669,2
-0.806730064521444,-0.5753111987252538,3
-0.6926774298772216,-0.690405956422249,4
-0.5779430055990815,1.5919259640064627,5
-1.4858187622481827,0.18077516480288192,6
-0.4890813189558685,-0.5536685535288752,7
-2.0076221636587626,1.8547311811471496,8
-1.2649514972743514,-0.23723229886530525,9
-3.2754780499446876,0.1853691395256093,10
-0.21408564427067578,-0.4380813583014061,11
-0.7980741941881301,-0.28879134951028784,12
-0.4818245507776737,0.7329305516482094,1
-0.46156112710013986,0.9271941208468035,2
-3.5771062048423565,0.4207268742781372,3
-0.2275777836330235,0.9626601397969362,4
-0.38388659665361047,-1.8536097985550788,5
-0.050882266368716955,-1.3312289589840904,6
-0.4162522661499679,0.2010455993843841,7
-1.4527717376815539,1.5531352705229957,8
-0.18472360773012042,0.6306117888784739,9
-1.2324490015906218,0.8754691794541459,10
-3.6334465504382223,-1.9863376770668282,11
-4.9745098815152895,1.1875588731758107,12
-1.1497186300855997,-1.2988561407316557,1
-1.8614080547446255,-2.176580304008958,2
-1.5607030726129059,0.08460049017009032,3
-2.182027848311401,1.0582987291385617,4
-1.333797256420267,0.004140862892176289,5
-1.0987445096996549,0.06343654468030273,6
-0.35157710476570303,-1.548792914391523,7
-0.7526237628933908,1.0995237199429337,8
-0.7538241098419587,0.6703082685655842,9
-2.8481416626084335,0.569052389494016,10
-0.3614841240220345,0.5902061074748001,11
-1.9115885539332416,-0.9529434365564925,12
-0.4744568020105362,-0.19881804590402966,1
-0.19495451279379541,-0.3081766610152606,2
-0.17493301221713004,2.157226458053445,3
-1.7313235136342884,-0.8048059393872494,4
-0.8138661048886301,-0.40818762653074914,5
-0.5107100028544664,0.9824857113320153,6
-0.07827413518696054,0.6104836259927636,7
-1.3229685127315047,-0.6891051488513613,8
-6.665189487481524,-0.7524585238249287,9
-0.7187073202383639,0.19368910635460745,10
-0.1734846206381917,0.8548756755283978,11
-0.24069168570391636,-1.1248035213449794,12
-0.013136469979331647,1.122146396019584,1
-0.22289251117035747,0.4923145865199708,2
-0.17203349964359896,-1.0120877950980929,3
-0.7136009699037495,1.5676623384101571,4
-1.3281408017081144,-0.5488294041524804,5
-1.1334476405334595,0.4055988654167257,6
-0.5858024195767939,0.35977035836704485,7
-1.0346831371587637,0.5225088473937561,8
-0.32352601597085595,0.9227413037792205,9
-1.7058823852890972,0.11225569329351151,10
-0.5414641839452088,0.21655420910858944,11
-0.38552301842719316,0.29817764202444885,12
-2.1452012115631947,0.6324123242665209,1
-1.6351020242178682,-0.30131687702954985,2
-0.06585917171704767,2.499131836469984,3
-0.3906253771856427,0.1958714785233093,4
-0.2792750168591738,1.5758910865988514,5
-1.2679049148735526,-0.3657831299724085,6
-1.8591985534036402,-0.8227750904861643,7
-2.0789459104740864,0.6611674793745336,8
-0.2774230455979705,-0.3808269793413977,9
-1.5299622890137352,0.34022368876868864,10
-0.1653708047233522,-0.13347365464261102,11
-1.3273119777020934,-0.6936724289274446,12
-1.3654060419228795,1.4979314953881053,1
-3.761832168115736,0.5364386298672721,2
-0.18217350402846932,0.5503006479230643,3
-0.06531488129378227,-1.9313229313667875,4
-0.05091390246525407,-0.3160203727886335,5
-1.1722996728074673,1.2972914928933492,6
-0.6450927280820906,1.4304982653679246,7
-1.0974769945767644,-1.3028374013438986,8
-1.6405170242393259,-0.6908889154836574,9
-0.056255442555993795,0.843200263526781,10
-0.6657312610186636,-0.807220988410571,11
-1.0375833296728256,-0.8797594036759332,12
-0.3862657034769654,2.291649774145687,1
-0.2602140300075994,1.9029531395600072,2
-0.17146931076422334,-1.3444067237497181,3
-0.03402407607063651,-0.9975876217994577,4
-1.5175903289669994,0.46232505668635504,5
-1.1000322438356402,-0.36430553679300887,6
-0.6263186652213335,-0.438749060752714,7
-0.15806808210298867,0.18495039794803236,8
-0.18294107215479016,-1.1070410231182475,9
-1.106549760284734,-2.6396288432422623,10
-1.0793743039992574,-2.1890652889758497,11
-0.3301558396779001,-0.38158947036079155,12
-0.42683836817741394,0.9764790803327311,1
-0.8774828677576901,2.0508322962176533,2
-0.35742022935301065,-2.12799547144969,3
-1.1266419598412636,2.045886993784401,4
-0.4984335747993945,-0.41757949430625524,5
-1.0770403751683357,-0.45745797028683355,6
-3.214446507226277,1.6957212206187424,7
-0.3564293961971998,-0.6807480316929488,8
-1.1171510507863882,0.22063993433975815,9
-0.392307295652556,-0.475635320979667,10
-1.212932014795852,-0.9079641176806887,11
-3.437942109834004,-0.7523182540657561,12
-2.2933378609499697,0.30561082906438986,1
-0.9928766618993999,1.6926892762756638,2
-0.27973491605371237,1.4246014605599286,3
-0.9617073610004904,-0.5776045879258669,4
-1.8551150205636266,-0.16208488163571105,5
-0.4874531589448452,1.1126721401315622,6
-0.740257043349457,0.33782622798508516,7
-0.46617223182693124,-0.6449553278131798,8
-0.0031130672432482243,-0.40527431040765016,9
-0.9540495192211987,1.796187082724609,10
-0.4376617674715817,0.18334600703006318,11
-0.12812521262094378,-0.4852376036169193,12
-0.3920259256847203,1.0696023687024536,1
-1.285172657067788,-1.2451154243418059,2
-0.5805015382356942,-0.04666326987886957,3
-0.06775779603049159,-1.130585119158267,4
-0.39409600757062435,-0.12505673798953146,5
-1.7646331711763386,-1.8880589484372277,6
-1.4377292021268848,-0.18475113393378986,7
-0.4378079385496676,-1.9845503454265743,8
-0.17792213894426823,0.9450936568955852,9
-0.15772244594661833,-0.13201899256894237,10
-0.7633124982588375,0.628211813373901,11
-1.9698108657354358,0.05253633211714319,12
-0.04664982278645345,-1.6700401975572838,1
-1.302395968655956,0.5152772778095652,2
-0.11595348790919573,1.0892883844663155,3
-1.4173503703528885,-2.4290480785049717,4
-0.9416363776051003,-1.2739676562654136,5
-0.097343802196684,0.9606414945606891,6
-1.4496565162295345,-1.2245209039017826,7
-0.1000098916855058,-0.07379748647377725,8
-0.23781953006982803,0.28864847677519984,9
-0.34375471207545666,-0.49252369166409704,10
-0.33355010114610195,0.0791011301961499,11
-1.2174729676497105,-1.3783623298355474,12
-0.18307746294885874,-0.0707842514074023,1
-0.29056040183167514,1.1516177922467472,2
-1.9497581756764892,1.4700225423847053,3
-0.3237286420182999,-0.004008188508027097,4
-0.284587484318763,-0.9758027350100242,5
-1.6023038978779558,-0.35739931881002035,6
-1.826337672686005,0.7273300686930605,7
-0.4922197889536619,0.16197024499291846,8
-0.9423764003020646,-0.7534521722353986,9
-0.14026372399497508,-1.4997256354019375,10
-0.2524599330499768,0.07318747479403978,11
-0.15680403572320734,-0.32798697310226177,12
-1.407133728181744,0.3511191063713679,1
-0.8601372148421528,-1.5087184596500107,2
-2.555525971450544,0.3206714103071938,3
-1.13632962243582,0.7833434189134403,4
-0.3207861897535622,-0.030243418440764565,5
-0.2629061988554895,-0.9287532084182272,6
-1.3556491788056615,-0.5358251383301832,7
-0.16590201761573553,0.4259270730204952,8
-1.429591571828151,0.931193810034599,9
-1.6226205668301268,-0.08598354566930776,10
-0.4113850467838347,1.204740488085786,11
-1.4426687899136785,0.6256628252304536,12
-0.3878401832084798,-0.49222821311531373,1
-3.934576799883009,-0.05470895292234175,2
-0.6079534995369613,-0.48497190520170025,3
-1.3491561049175385,1.1235045453693535,4
-0.14631370455026627,1.0323235271929578,5
-0.18639226770028472,-0.39755813034878723,6
-2.42011175478313,-1.2571088479652872,7
-3.264019906352807,-0.8080405422719175,8
-3.3927192686307914,-0.03511048095113807,9
-0.2955738076594738,-0.7200761272603052,10
-1.2849354635433559,1.0069307339655134,11
-0.3421551397206593,-0.41815260985171293,12
-0.09232171122506515,-2.5613748646929957,1
-0.469814189985637,-1.1998979756049724,2
-0.6269968072883785,1.6568458421665124,3
-0.799431750508857,0.7072601251527503,4
-1.2576843527656916,0.7814215124406614,5
-0.05476106097921729,1.5713948351671319,6
-1.0935437315654877,0.24704796634774912,7
-0.6114448932930827,-0.4206847159310391,8
-0.3080624802969396,0.2605438452101177,9
-1.0383336981338385,1.0397738095059135,10
-2.7863726018178947,0.7764182350322952,11
-0.15257618901773,1.4580804085573065,12
-2.985526576470185,1.2324448420739407,1
-1.301036032806051,1.7445949315299343,2
-0.9458321351137878,1.1672064438316692,3
-2.307037739902318,-0.8964535416696071,4
-0.2765032751371461,0.6150411061501236,5
-0.6916242395527661,-0.583623952174893,6
-0.6428426876664162,-1.583001728360161,7
-0.09513518773019314,0.4500551331884085,8
-0.5872609480284154,1.260231411072886,9
-0.6349001862108707,-0.206615984591205,10
-1.0137516958218935,-1.111838950160264,11
-1.5548257145029234,0.08409250823361876,12
-0.2069858242051313,0.5457702537653601,1
-1.0980523144406202,-1.3528726793519144,2
-0.843798434041021,-0.22465452853296905,3
-1.0751571975972891,0.9812077324000559,4
-0.6762804593890905,0.1333043332999453,5
-0.7682569138285639,0.3990290577977186,6
-0.716101625892234,-0.08353508999695626,7
-0.0854938356205821,0.4962826172299132,8
-0.8638716879812004,-0.4238314623148016,9
-0.7713406774726631,-0.6731796582228143,10
-0.6880973987281322,-0.30735914920811397,11
-0.43590360723966043,0.08608163808632782,12
-0.6220367490313947,0.9536960787805795,1
-1.0832692132842663,0.23506098492522634,2
-0.17327871406450868,0.4758020303295501,3
-0.3705801027826965,0.9865044131764029,4
-0.5757368283639125,-0.634677278158438,5
-0.6373621262609959,0.23228797334938237,6
-1.2307258620438102,-1.790583442742438,7
-0.7978027518418552,0.8660022188342253,8
-1.0844335443851474,-1.6739499530555637,9
-1.6510476785803083,-1.854058809499998,10
-0.15121915563941002,0.21346679970645713,11
-0.208714013453573,0.012789004349297257,12
-0.8475392200242637,-1.510822089178707,1
-0.9571107397935332,-0.27718385884365915,2
-2.6770866195342307,0.5402801567956004,3
-0.3089792593382299,1.9843261909223247,4
-0.0733934030868113,-0.5855988104101381,5
-1.587979934289121,-0.10944171568924131,6
-0.9998141480189683,2.0725146565794805,7
-1.075900469864619,1.3588973731488945,8
-1.2549004154571732,-1.827494158038716,9
-0.3788046087138355,1.7003661258679876,10
-0.2329479972831905,-1.2377306941499262,11
-0.8376383687880756,0.9421871421955318,12
-0.05307453591376543,-1.848204283900081,1
-0.8122460882953864,-0.04875856285782274,2
-1.4709805735693797,0.4893462250777451,3
-0.30072546657174826,-0.41450547748104005,4
-0.028504348825663328,1.0048007274417092,5
-2.3161885345957045,1.9362752891258836,6
-0.36755474599142685,-2.767368083055846,7
-0.4909780111396857,0.47083107729103013,8
-0.4905935702845454,1.3436958308522937,9
-0.5889098709449172,1.0949890608776283,10
-1.1964905118970977,-0.40917493308248654,11
-1.4536173752600197,0.02663498221719787,12
-1.0046659661036852,-0.6880683000595375,1
-1.7977291400635484,-1.422354322605623,2
-0.2817802648060024,-0.44813419906698965,3
-0.007911584340035915,-1.6506321693032235,4
-0.1217287601903081,0.9236417659365144,5
-4.179448116318656,1.066138541042794,6
-0.3451003762893379,-1.7853713767817472,7
-0.43521392506223383,2.448735861503901,8
-2.9606352903814073,-1.0260470195521412,9
-0.1144070943078479,0.70318513035623,10
-0.8093763012018921,1.5106925987329567,11
-4.267159689919737,-1.0251069869236686,12
-0.0033291599375759088,-1.2430237840851628,1
-0.42872427543625236,0.32526604702282513,2
-0.6995594854977848,-0.28825387839916833,3
-1.9603549781346563,2.3695228150142866,4
-2.5841606425723795,-1.0135628655626543,5
-1.105544958934513,1.1513057345145516,6
-0.7279748267639623,-0.24467596643984899,7
-2.1746987143499776,1.0428620250705445,8
-1.2340506039866213,0.548331631650692,9
-0.5861578187905252,-0.7709509759961193,10
-3.1097554264772422,0.2962290814250705,11
-0.31561849173158407,-0.46063175591343497,12
-0.27101291747738,0.3482839879889334,1
-1.0352554404189958,0.30318948677697216,2
-0.03552486468106508,0.784256748251454,3
-5.402656184215332,-0.41894977776462383,4
-1.4252484030181412,1.0696393405929983,5
-0.4732921766117215,0.4491529536592083,6
-0.9455799841833236,-0.9831277985206825,7
-0.15865715593099594,0.2796644106088922,8
-0.09186357585982562,1.3684180412909261,9
-0.5611204351298511,0.26512216291766083,10
-1.0235774276053757,-1.0024344355508017,11
-1.834392653694177,0.7218912283940668,12
-0.25709171732887626,-0.31621070217251335,1
-0.8112826281738402,-2.0394666902824317,2
-1.8694857749247793,0.6874035641698417,3
-0.2182940631173551,1.254360635965026,4
-0.6690111462958157,0.20683288078830697,5
-2.293594333460899,0.2771237570164187,6
-1.7464506886059288,0.08182940132116004,7
-0.08570800628513098,-0.19406944197870551,8
-0.5975709320046008,-0.19677760135941358,9
-0.03768047968000419,0.5211420414010416,10
-2.0602515581155068,1.3083690804127046,11
-0.06480943411588669,-1.1546434569857713,12
-0.4854685151949525,1.410307189414444,1
-0.10587187949568033,-1.4524120275932182,2
-1.1027402097431376,-0.44716635328253473,3
-0.6247051632963121,-1.0319385356559665,4
-0.26627713860943913,0.6216621118216727,5
-0.6838297829963267,0.0633310064569202,6
-0.3763179681263864,-0.7094924474521678,7
-0.27812252124059456,0.6666530659127664,8
-0.8775460902929595,-1.4114007412132819,9
-0.3008794169872999,-0.13191100904993322,10
-0.972609832840872,-0.1523086944577552,11
-0.5957165691070259,0.11904012618395492,12
-1.3649973105219129,-0.7378350130357018,1
-2.726409418382383,-0.756461046096159,2
-1.0686863753524545,0.6240004719549017,3
-2.402192728467918,-0.6318333747859336,4
-0.024019938427954912,0.4738622706780607,5
-0.3829448915279292,0.2724902002076058,6
-1.2548497290861729,1.9170145104838525,7
-0.8871994586241366,0.29869305350476794,8
-1.814711462622309,0.4913227665200988,9
-0.3947814800776541,-0.8599116753449518,10
-0.6565946852788329,1.1656724553385533,11
-1.4436385537588838,-0.31260509807491604,12
-0.7491678200340536,-0.5506529166706828,1
-0.1852593764455401,0.9297349706007554,2
-1.3285538097423437,-1.2191187239194616,3
-0.01526839705184102,0.33077210161035314,4
-1.2300372924235585,-0.4577849066793912,5
-0.4790054950863123,-0.14099674281487537,6
-1.5328246868639488,0.13129004450398726,7
-1.1006854248832114,-0.5038458827275315,8
-0.08041715808212757,0.935726865841813,9
-6.463831169152667,1.092578937389642,10
-0.6636564382351935,-0.17200878786469298,11
-1.9082904773855451,0.5912822490477715,12
-0.43709037406370044,2.0073636066675036,1
-1.6696552298122886,0.016739109274795404,2
-1.6889624571816566,0.8552341010423924,3
-0.06439609685912728,1.1279761178007874,4
-0.6473543061874807,0.5132031797331009,5
-0.9328403938141586,-1.919988533959136,6
-0.9949298372157559,0.6321975836937209,7
-2.2693219627042773,-1.2630233159013984,8
-0.09852088400674403,-0.9239355212480674,9
-0.39896549889817834,-0.15590524999934186,10
-0.22638109792023897,-0.5143516520587937,11
-0.7010005125355842,1.7171640057645798,12
-3.182492293249417,0.722204717753645,1
-0.351721562910825,-0.7970242417450916,2
-1.7196191032510906,0.30952388622279714,3
-1.0444502289918187,1.0575400980964451,4
-0.25952611677348614,-0.5972498496257097,5
-0.3252913812175393,-0.21637741165607857,6
-0.34860819578170776,-1.4924225009996333,7
-0.2849171608686447,0.5436041043379729,8
-1.2434457568031672,-0.776444676813635,9
-1.6341598610484842,1.2146299385377912,10
-0.2478387695737183,-0.27100123680447474,11
-0.37400150718167424,-0.6422263099721771,12
-1.0289012863811973,-3.085456973660178,1
-2.416960459607005,-0.08453878507206385,2
-1.0853430705545188,-0.8049669429469339,3
-0.35579682094976306,-1.2122554401565748,4
-1.7595688662582878,2.6747829869201007,5
-0.9905025781643512,0.9639431115782793,6
-0.5863217427395284,0.7523332044874128,7
-0.5385770434513688,0.8015559254716468,8
-0.8596442483206032,1.0098586664537892,9
-0.2094961740076542,-0.872695010718935,10
-0.042416075710207224,1.0947527506852164,11
-0.6734163826331496,1.5282353888541442,12
